#Data from sep for host of SDSS SN2635, calculated a week or so before 2016-03-15
#SN ID, npix, x, y, a, b, theta
2635, 95, 1108.1448309503585, 37.95088945611436, 2.43723464012146, 2.371455192565918, -1.4546968936920166