# first row is the best fit index and second row is the best fit values for ['logzsol', 'tau', 'sf_star', 'dust2']
1.000000000000000000e+00,2.000000000000000000e+00,0.000000000000000000e+00,4.000000000000000000e+00
-5.899999999999999689e-01,1.000000000000000000e+00,0.000000000000000000e+00,1.000000000000000000e+00
